

INSERT INTO MEDIA (id, created, username) VALUES (100, '2021-07-06 21:17:48.376553', 'Djidji99');
INSERT INTO MEDIA (id, created, username) VALUES (101, '2021-07-07 21:17:48.376553', 'Djidji99');
INSERT INTO MEDIA (id, created, username) VALUES (102, '2021-07-06 21:18:48.376553', 'Djidji99');
INSERT INTO MEDIA (id, created, username) VALUES (103, '2021-07-07 21:18:48.376553', 'Djidji99');
INSERT INTO MEDIA (id, created, username) VALUES (104, '2021-07-07 21:18:58.376553', 'Djidji99');
INSERT INTO MEDIA (id, created, username) VALUES (105, '2021-07-07 22:18:48.376553', 'Djidji99');
INSERT INTO MEDIA (id, created, username) VALUES (106, '2021-07-06 21:11:48.376553', 'MarkoPolo21652');
INSERT INTO MEDIA (id, created, username) VALUES (107, '2021-07-07 21:12:48.376553', 'MarkoPolo21652');
INSERT INTO MEDIA (id, created, username) VALUES (108, '2021-07-06 21:10:48.376553', 'MarkoPolo21652');
INSERT INTO MEDIA (id, created, username) VALUES (109, '2021-07-07 21:19:48.376553', 'MarkoPolo21652');
INSERT INTO MEDIA (id, created, username) VALUES (110, '2021-07-07 21:18:58.376553', 'MarkoPolo21652');
INSERT INTO MEDIA (id, created, username) VALUES (111, '2021-07-07 22:14:48.376553', 'MarkoPolo21652');
INSERT INTO MEDIA (id, created, username) VALUES (112, '2021-07-06 21:16:48.376553', 'Kijela');
INSERT INTO MEDIA (id, created, username) VALUES (113, '2021-07-07 21:11:48.376553', 'Kijela');
INSERT INTO MEDIA (id, created, username) VALUES (114, '2021-07-06 21:13:48.376553', 'Kijela');
INSERT INTO MEDIA (id, created, username) VALUES (115, '2021-07-07 21:15:18.376553', 'Kijela');
INSERT INTO MEDIA (id, created, username) VALUES (116, '2021-07-07 21:16:28.376553', 'Kijela');
INSERT INTO MEDIA (id, created, username) VALUES (117, '2021-07-07 22:17:08.376553', 'Kijela');
INSERT INTO MEDIA (id, created, username) VALUES (118, '2021-07-07 21:11:48.376553', 'Kijela');
INSERT INTO MEDIA (id, created, username) VALUES (119, '2021-07-06 21:13:48.376553', 'BonucciGOAT');
INSERT INTO MEDIA (id, created, username) VALUES (120, '2021-07-07 21:15:18.376553', 'BonucciGOAT');
INSERT INTO MEDIA (id, created, username) VALUES (121, '2021-07-07 21:16:28.376553', 'BonucciGOAT');
INSERT INTO MEDIA (id, created, username) VALUES (122, '2021-07-07 22:17:08.376553', 'BonucciGOAT');




INSERT INTO MEDIA_PATH (media_id, path) VALUES (100, 'media/content/ball.png');
INSERT INTO MEDIA_PATH (media_id, path) VALUES (101, 'media/content/bezopasan.jpg');
INSERT INTO MEDIA_PATH (media_id, path) VALUES (102, 'media/content/Bulbasaur.png');
INSERT INTO MEDIA_PATH (media_id, path) VALUES (103, 'media/content/bulbasaur2.png');
INSERT INTO MEDIA_PATH (media_id, path) VALUES (104, 'media/content/cat.png');
INSERT INTO MEDIA_PATH (media_id, path) VALUES (105, 'media/content/charizard.png');
INSERT INTO MEDIA_PATH (media_id, path) VALUES (106, 'media/content/Charmander.png');
INSERT INTO MEDIA_PATH (media_id, path) VALUES (107, 'media/content/dog.png');
INSERT INTO MEDIA_PATH (media_id, path) VALUES (108, 'media/content/dragon.png');
INSERT INTO MEDIA_PATH (media_id, path) VALUES (109, 'media/content/im1.jpg');
INSERT INTO MEDIA_PATH (media_id, path) VALUES (110, 'media/content/im2.jpg');
INSERT INTO MEDIA_PATH (media_id, path) VALUES (111, 'media/content/im3.jpg');
INSERT INTO MEDIA_PATH (media_id, path) VALUES (112, 'media/content/im4.png');
INSERT INTO MEDIA_PATH (media_id, path) VALUES (113, 'media/content/jerry.png');
INSERT INTO MEDIA_PATH (media_id, path) VALUES (114, 'media/content/lisica.png');
INSERT INTO MEDIA_PATH (media_id, path) VALUES (115, 'media/content/meowto.png');
INSERT INTO MEDIA_PATH (media_id, path) VALUES (116, 'media/content/opasan.png');
INSERT INTO MEDIA_PATH (media_id, path) VALUES (117, 'media/content/pikachu1.jpg');
INSERT INTO MEDIA_PATH (media_id, path) VALUES (118, 'media/content/pikachu2.png');
INSERT INTO MEDIA_PATH (media_id, path) VALUES (119, 'media/content/plane.png');
INSERT INTO MEDIA_PATH (media_id, path) VALUES (120, 'media/content/snorlax.png');
INSERT INTO MEDIA_PATH (media_id, path) VALUES (121, 'media/content/turtle.png');
INSERT INTO MEDIA_PATH (media_id, path) VALUES (122, 'media/content/unnamed.jpg');



INSERT INTO POST (id, description, location, media_id) VALUES (100, 'opis1', 'Beograd', 100);
INSERT INTO POST (id, description, location, media_id) VALUES (101, 'opis2', 'London',  101);
INSERT INTO POST (id, description, location, media_id) VALUES (102, 'opis3', 'Pariz',   102);
INSERT INTO POST (id, description, location, media_id) VALUES (103, 'opis4', 'Njujork', 103);
INSERT INTO POST (id, description, location, media_id) VALUES (104, 'opis1', 'Beograd', 106);
INSERT INTO POST (id, description, location, media_id) VALUES (105, 'opis2', 'Beograd', 107);
INSERT INTO POST (id, description, location, media_id) VALUES (106, 'opis3', 'London',  108);
INSERT INTO POST (id, description, location, media_id) VALUES (107, 'opis4', 'London',  109);
INSERT INTO POST (id, description, location, media_id) VALUES (108, 'opis1', 'Pariz',   112);
INSERT INTO POST (id, description, location, media_id) VALUES (109, 'opis2', 'Pariz',   113);
INSERT INTO POST (id, description, location, media_id) VALUES (110, 'opis3', 'Toronto', 114);
INSERT INTO POST (id, description, location, media_id) VALUES (111, 'opis4', 'Toronto', 115);
INSERT INTO POST (id, description, location, media_id) VALUES (112, 'opis',  'Sijetl',  119);
INSERT INTO POST (id, description, location, media_id) VALUES (113, 'opis',  'Sijetl',  120);


INSERT INTO STORY (id, close_friends, date_created, expires_in_hours, is_highlighted, media_id) VALUES (100, false, '2021-07-08 21:17:48.376553', 24, false, 104);
INSERT INTO STORY (id, close_friends, date_created, expires_in_hours, is_highlighted, media_id) VALUES (101, false, '2021-07-08 22:17:48.376553', 24, false, 105);
INSERT INTO STORY (id, close_friends, date_created, expires_in_hours, is_highlighted, media_id) VALUES (102, false, '2021-07-05 20:17:48.376553', 24, false, 110);
INSERT INTO STORY (id, close_friends, date_created, expires_in_hours, is_highlighted, media_id) VALUES (103, false, '2021-07-09 23:17:48.376553', 24, false, 111);
INSERT INTO STORY (id, close_friends, date_created, expires_in_hours, is_highlighted, media_id) VALUES (104, false, '2021-07-09 20:17:48.376553', 24, false, 116);
INSERT INTO STORY (id, close_friends, date_created, expires_in_hours, is_highlighted, media_id) VALUES (105, false, '2021-06-08 23:17:48.376553', 24, false, 117);
INSERT INTO STORY (id, close_friends, date_created, expires_in_hours, is_highlighted, media_id) VALUES (106, false, '2021-06-08 23:17:48.376553', 24, false, 118);
INSERT INTO STORY (id, close_friends, date_created, expires_in_hours, is_highlighted, media_id) VALUES (107, false, '2021-06-08 23:17:48.376553', 24, false, 121);
INSERT INTO STORY (id, close_friends, date_created, expires_in_hours, is_highlighted, media_id) VALUES (108, false, '2021-06-08 23:17:48.376553', 24, false, 122);


INSERT INTO FAVOURITES (id, username, post_id) VALUES (100, 'Djidji99', 	  100);
INSERT INTO FAVOURITES (id, username, post_id) VALUES (101, 'MarkoPolo21652', 106);
INSERT INTO FAVOURITES (id, username, post_id) VALUES (102, 'Kijela', 		  111);

INSERT INTO COLLECTION (id, name, username, favourite_id) VALUES (100, 'kolekcija1', 'Djidji99',		100);
INSERT INTO COLLECTION (id, name, username, favourite_id) VALUES (101, 'kolekcija2', 'MarkoPolo21652',  101);
INSERT INTO COLLECTION (id, name, username, favourite_id) VALUES (102, 'kolekcija3', 'Kijela', 			102);

INSERT INTO COMMENT (id, content, date_created, username) VALUES (100, 'odlicno druze', '2021-07-08 21:17:48.376553', 'Djidji99');
INSERT INTO COMMENT (id, content, date_created, username) VALUES (101, 'momcina', 		'2021-07-09 21:17:48.376553', 'Djidji99');
INSERT INTO COMMENT (id, content, date_created, username) VALUES (102, 'odlicno druze', '2021-07-08 01:17:48.376553', 'Djidji99');
INSERT INTO COMMENT (id, content, date_created, username) VALUES (103, 'odlicno druze', '2021-07-09 21:17:48.376553', 'MarkoPolo21652');
INSERT INTO COMMENT (id, content, date_created, username) VALUES (104, 'momcina', 		'2021-07-09 21:18:48.376553', 'MarkoPolo21652');
INSERT INTO COMMENT (id, content, date_created, username) VALUES (105, 'odlicno druze', '2021-07-09 01:17:48.376553', 'MarkoPolo21652');
INSERT INTO COMMENT (id, content, date_created, username) VALUES (106, 'odlicno druze', '2021-07-09 21:17:48.376553', 'Kijela');
INSERT INTO COMMENT (id, content, date_created, username) VALUES (107, 'momcina', 		'2021-07-09 21:18:48.376553', 'MarkoPolo21652');
INSERT INTO COMMENT (id, content, date_created, username) VALUES (108, 'odlicno druze', '2021-07-09 01:17:48.376553', 'Kijela');

INSERT INTO POST_COMMENTS (post_id, comments_id) VALUES (113, 101);
INSERT INTO POST_COMMENTS (post_id, comments_id) VALUES (110, 102);
INSERT INTO POST_COMMENTS (post_id, comments_id) VALUES (108, 103);
INSERT INTO POST_COMMENTS (post_id, comments_id) VALUES (111, 104);
INSERT INTO POST_COMMENTS (post_id, comments_id) VALUES (100, 105);
INSERT INTO POST_COMMENTS (post_id, comments_id) VALUES (101, 106);
INSERT INTO POST_COMMENTS (post_id, comments_id) VALUES (112, 107);
INSERT INTO POST_COMMENTS (post_id, comments_id) VALUES (103, 108);



INSERT INTO POST_TAGS (post_id, tags) VALUES (100, 'ball'); 
INSERT INTO POST_TAGS (post_id, tags) VALUES (101, 'cat');
INSERT INTO POST_TAGS (post_id, tags) VALUES (102, 'pokemon'); 
INSERT INTO POST_TAGS (post_id, tags) VALUES (103, 'pokemon'); 
INSERT INTO POST_TAGS (post_id, tags) VALUES (104, 'bird');
INSERT INTO POST_TAGS (post_id, tags) VALUES (105, 'pokemon'); 
INSERT INTO POST_TAGS (post_id, tags) VALUES (106, 'pokemon'); 
INSERT INTO POST_TAGS (post_id, tags) VALUES (107, 'snow');
INSERT INTO POST_TAGS (post_id, tags) VALUES (108, 'pokemon'); 
INSERT INTO POST_TAGS (post_id, tags) VALUES (109, 'pokemon'); 
INSERT INTO POST_TAGS (post_id, tags) VALUES (110, 'pokemon'); 
INSERT INTO POST_TAGS (post_id, tags) VALUES (111, 'pokemon');
INSERT INTO POST_TAGS (post_id, tags) VALUES (112, 'pokemon'); 

INSERT INTO RATING (id, rating_type, username) VALUES (100, 0, 'BonucciGOAT');
INSERT INTO RATING (id, rating_type, username) VALUES (101, 1, 'BonucciGOAT');
INSERT INTO RATING (id, rating_type, username) VALUES (102, 0, 'BonucciGOAT');
INSERT INTO RATING (id, rating_type, username) VALUES (103, 0, 'BonucciGOAT');
INSERT INTO RATING (id, rating_type, username) VALUES (104, 1, 'Kijela');
INSERT INTO RATING (id, rating_type, username) VALUES (105, 0, 'Kijela');
INSERT INTO RATING (id, rating_type, username) VALUES (106, 1, 'Kijela');
INSERT INTO RATING (id, rating_type, username) VALUES (107, 0, 'Kijela');
INSERT INTO RATING (id, rating_type, username) VALUES (108, 0, 'Kijela');
INSERT INTO RATING (id, rating_type, username) VALUES (109, 1, 'Kijela');
INSERT INTO RATING (id, rating_type, username) VALUES (110, 0, 'Djidji99');
INSERT INTO RATING (id, rating_type, username) VALUES (111, 0, 'Djidji99');
INSERT INTO RATING (id, rating_type, username) VALUES (112, 1, 'Djidji99');
INSERT INTO RATING (id, rating_type, username) VALUES (113, 0, 'Djidji99');

INSERT INTO POST_RATINGS (post_id, ratings_id) VALUES (100, 100);
INSERT INTO POST_RATINGS (post_id, ratings_id) VALUES (101, 101);
INSERT INTO POST_RATINGS (post_id, ratings_id) VALUES (102, 102);
INSERT INTO POST_RATINGS (post_id, ratings_id) VALUES (103, 103);
INSERT INTO POST_RATINGS (post_id, ratings_id) VALUES (104, 104);
INSERT INTO POST_RATINGS (post_id, ratings_id) VALUES (105, 105);
INSERT INTO POST_RATINGS (post_id, ratings_id) VALUES (106, 106);
INSERT INTO POST_RATINGS (post_id, ratings_id) VALUES (107, 107);
INSERT INTO POST_RATINGS (post_id, ratings_id) VALUES (108, 108);
INSERT INTO POST_RATINGS (post_id, ratings_id) VALUES (109, 109);
INSERT INTO POST_RATINGS (post_id, ratings_id) VALUES (110, 110);
INSERT INTO POST_RATINGS (post_id, ratings_id) VALUES (111, 111);
INSERT INTO POST_RATINGS (post_id, ratings_id) VALUES (112, 112);
INSERT INTO POST_RATINGS (post_id, ratings_id) VALUES (113, 113);




